Workbook

Sheet Spots
A1: spot_id | B1: spot | C1: zone | D1: ap | E1: dp | F1: sessions | G1: hours | H1: weeks | I1: trash_item | J1: base_trash_hr | K1: trash_per_kill (EDIT) | L1: est_kills_hr | M1: flag
A2: 1 | B2: (OLD) Sycraia (Lower) | C2: balenos | D2: 240 | E2: 330 | F2: 66 | G2: 78.2 | H2: 25 | I2: Underwater Ancient Weapon Power Stone | J2: 4135.6 | L2: =IF(K2="","",J2/K2)
A3: 32 | B3: (OLD) Sycraia (Upper) | C3: balenos | D3: 200 | E3: 260 | F3: 168 | G3: 357.2 | H3: 23 | I3: Destroyed Ancient Weapon Power Stone | J3: 16396 | L3: =IF(K3="","",J3/K3)
A4: 6 | B4: Aakman Temple | C4: valencia | D4: 230 | E4: 300 | F4: 62 | G4: 68 | H4: 28 | I4: Aakman Guardian's Token | J4: 7885.3 | L4: =IF(K4="","",J4/K4)
A5: 11 | B5: Abandoned Monastery | C5: calpheon | D5: 260 | E5: 350 | F5: 10 | G5: 17.5 | H5: 8 | I5: Shadow Knight's Armor Ornament | J5: 4502.8 | L5: =IF(K5="","",J5/K5) | M5: low sample
A6: 183 | B6: Aetherion Castle | C6: edania | D6: 350 | E6: 427 | F6: 24341 | G6: 28593.7 | H6: 53 | I6: Chilled Soul Piece | J6: 5688.5 | L6: =IF(K6="","",J6/K6)
A7: 13 | B7: Altar Imp Habitat | C7: serendia | D7: 220 | E7: 310 | F7: 114 | G7: 144.7 | H7: 35 | I7: Covetous Eye | J7: 5808.8 | L7: =IF(K7="","",J7/K7)
A8: 213 | B8: Aphrodon Temple | C8: edania | D8: 400 | E8: 470 | F8: 20253 | G8: 28606.4 | H8: 5 | I8: Branch of Abundance | J8: 6196.8 | L8: =IF(K8="","",J8/K8)
A9: 216 | B9: Aresion Temple | C9: edania | D9: 415 | E9: 495 | F9: 12087 | G9: 19638 | H9: 5 | I9: Scorched Belt Ornament | J9: 6429.9 | L9: =IF(K9="","",J9/K9)
A10: 27 | B10: Ash Forest | C10: kamasylvia | D10: 300 | E10: 390 | F10: 465 | G10: 548.2 | H10: 48 | I10: Specter's Cloth | J10: 9462.9 | L10: =IF(K10="","",J10/K10)
A11: 84 | B11: Bashim Base | C11: valencia | D11: 100 | E11: 180 | F11: 15 | G11: 13.1 | H11: 9 | I11: Bashim Mane | J11: 5383.6 | L11: =IF(K11="","",J11/K11) | M11: low sample
A12: 89 | B12: Basilisk Den | C12: valencia | D12: 180 | E12: 220 | F12: 9 | G12: 14.7 | H12: 5 | I12: Basilisk Scale | J12: 5668 | L12: =IF(K12="","",J12/K12) | M12: low sample
A13: 12 | B13: Biraghi Den | C13: serendia | D13: 220 | E13: 310 | F13: 129 | G13: 159.1 | H13: 39 | I13: Proof of Reckless Courage | J13: 6695.3 | L13: =IF(K13="","",J13/K13)
A14: 22 | B14: Blood Wolf Settlement | C14: drieghan | D14: 180 | E14: 210 | F14: 306 | G14: 328.7 | H14: 52 | I14: Blood Wolf Mane | J14: 5007.6 | L14: =IF(K14="","",J14/K14)
A15: 18 | B15: Bloody Monastery | C15: serendia | D15: 260 | E15: 340 | F15: 141 | G15: 148.8 | H15: 43 | I15: Proof of Blind Faith | J15: 5865.5 | L15: =IF(K15="","",J15/K15)
A16: 86 | B16: Cadry Ruins | C16: valencia | D16: 140 | E16: 160 | F16: 72 | G16: 92.9 | H16: 34 | I16: Cadry's Token | J16: 4420.8 | L16: =IF(K16="","",J16/K16)
A17: 16 | B17: Castle Ruins | C17: serendia | D17: 230 | E17: 320 | F17: 17 | G17: 29.2 | H17: 10 | I17: Mark of Desperate Rebels | J17: 5069.4 | L17: =IF(K17="","",J17/K17) | M17: low sample
A18: 90 | B18: Centaurus Herd | C18: valencia | D18: 180 | E18: 200 | F18: 54 | G18: 56 | H18: 27 | I18: Centaurus Mane | J18: 5368.2 | L18: =IF(K18="","",J18/K18)
A19: 147 | B19: City of the Dead | C19: ulukita | D19: 320 | E19: 380 | F19: 377 | G19: 449.1 | H19: 18 | I19: Mark of the Black Sands | J19: 9711.6 | L19: =IF(K19="","",J19/K19)
A20: 85 | B20: Crescent Shrine | C20: valencia | D20: 140 | E20: 160 | F20: 5 | G20: 10 | H20: 4 | I20: Token of Crescent | J20: 11172 | L20: =IF(K20="","",J20/K20) | M20: low sample
A21: 8 | B21: Crypt of Resting Thoughts | C21: odyllita | D21: 300 | E21: 400 | F21: 1237 | G21: 1520.7 | H21: 53 | I21: Abyssal Ash | J21: 6186.6 | L21: =IF(K21="","",J21/K21)
A22: 208 | B22: Dark Energy Floodlands (Great Red Sea) | C22: edania | D22: 385 | E22: 450 | F22: 966 | G22: 1123.4 | H22: 30 | I22: Tainted Armor Fragment | J22: 7298.6 | L22: =IF(K22="","",J22/K22)
A23: 209 | B23: Dark Energy Floodlands (Orbita) | C23: edania | D23: 385 | E23: 450 | F23: 1426 | G23: 1635 | H23: 30 | I23: Tainted Armor Fragment | J23: 7405.3 | L23: =IF(K23="","",J23/K23)
A24: 210 | B24: Dark Energy Floodlands (Zephyros) | C24: edania | D24: 385 | E24: 450 | F24: 683 | G24: 848.1 | H24: 27 | I24: Tainted Armor Fragment | J24: 7736.1 | L24: =IF(K24="","",J24/K24)
A25: 153 | B25: Darkseeker's Retreat | C25: ulukita | D25: 340 | E25: 430 | F25: 4671 | G25: 5433.8 | H25: 7 | I25: Decayed Cloth | J25: 9928 | L25: =IF(K25="","",J25/K25)
A26: 82 | B26: Desert Naga Temple | C26: valencia | D26: 100 | E26: 180 | F26: 30 | G26: 37.6 | H26: 15 | I26: Desert Naga's Webfoot | J26: 3735.8 | L26: =IF(K26="","",J26/K26) | M26: low sample
A27: 166 | B27: Dokkebi Forest | C27: morninglight | D27: 335 | E27: 420 | F27: 735 | G27: 939 | H27: 7 | I27: Discarded Kkebicap | J27: 8387.6 | L27: =IF(K27="","",J27/K27)
A28: 218 | B28: Event Horizon | C28: edania | D28: 420 | E28: 505 | F28: 12642 | G28: 22237.8 | H28: 6 | I28: Broken Gloves of the Void | J28: 6451 | L28: =IF(K28="","",J28/K28)
A29: 38 | B29: Fadus Habitat | C29: kamasylvia | D29: 120 | E29: 180 | F29: 42 | G29: 43.6 | H29: 25 | I29: Fadus Armor Fragment | J29: 9456.3 | L29: =IF(K29="","",J29/K29) | M29: low sample
A30: 26 | B30: Forest Ronaros Area | C30: kamasylvia | D30: 240 | E30: 270 | F30: 109 | G30: 105.2 | H30: 40 | I30: Hoof of Forest Ronaros | J30: 5148.5 | L30: =IF(K30="","",J30/K30)
A31: 167 | B31: Fortunate Golden Pig Cave | C31: morninglight | D31: 345 | E31: 438 | F31: 363 | G31: 343.9 | H31: 7 | I31: Shiny Treasure | J31: 8101.5 | L31: =IF(K31="","",J31/K31)
A32: 43 | B32: Gahaz Bandit's Lair | C32: valencia | D32: 140 | E32: 180 | F32: 36 | G32: 35.7 | H32: 18 | I32: Gahaz Seal | J32: 4316.1 | L32: =IF(K32="","",J32/K32) | M32: low sample
A33: 212 | B33: Gavinya Coastal Cliff | C33: valencia | D33: 400 | E33: 470 | F33: 973 | G33: 1201.7 | H33: 5 | I33: Sulfur Golem Fragment | J33: 6222.2 | L33: =IF(K33="","",J33/K33)
A34: 33 | B34: Gyfin Rhasia Temple | C34: kamasylvia | D34: 250 | E34: 320 | F34: 14 | G34: 16.5 | H34: 14 | I34: Fragment of Bronze Artifact | J34: 8901.2 | L34: =IF(K34="","",J34/K34) | M34: low sample
A35: 97 | B35: Gyfin Rhasia Underground | C35: kamasylvia | D35: 290 | E35: 380 | F35: 3515 | G35: 4422.2 | H35: 53 | I35: Bronze Fragment of Delusion | J35: 9964.7 | L35: =IF(K35="","",J35/K35)
A36: 214 | B36: Hermesia Inner Castle | C36: edania | D36: 405 | E36: 485 | F36: 7616 | G36: 10705.5 | H36: 3 | I36: Black Crystal Fragment | J36: 6661 | L36: =IF(K36="","",J36/K36)
A37: 124 | B37: Hexe Sanctuary | C37: calpheon | D37: 300 | E37: 390 | F37: 33871 | G37: 36644.7 | H37: 53 | I37: Howling Bone Fragment | J37: 11493 | L37: =IF(K37="","",J37/K37)
A38: 165 | B38: Honglim Base | C38: morninglight | D38: 270 | E38: 360 | F38: 196 | G38: 215.4 | H38: 7 | I38: Faded Bandit Mask | J38: 11005 | L38: =IF(K38="","",J38/K38)
A39: 3 | B39: Hystria Ruins | C39: valencia | D39: 230 | E39: 300 | F39: 143 | G39: 164.6 | H39: 42 | I39: Hystria Ruins Fragment | J39: 4457.6 | L39: =IF(K39="","",J39/K39)
A40: 110 | B40: Jade Starlight Forest | C40: snowmountain | D40: 270 | E40: 350 | F40: 2201 | G40: 2447.5 | H40: 53 | I40: Starlit Jade Powder | J40: 9588 | L40: =IF(K40="","",J40/K40)
A41: 9 | B41: Kratuga Ancient Ruins | C41: mediah | D41: 230 | E41: 300 | F41: 57 | G41: 69.9 | H41: 29 | I41: Iridescent Rock Piece | J41: 14241 | L41: =IF(K41="","",J41/K41)
A42: 215 | B42: Magaia Temple | C42: edania | D42: 410 | E42: 490 | F42: 24090 | G42: 32934.8 | H42: 5 | I42: Elion Follower's Helmet | J42: 6400 | L42: =IF(K42="","",J42/K42)
A43: 25 | B43: Manshaum Forest | C43: kamasylvia | D43: 190 | E43: 260 | F43: 89 | G43: 105 | H43: 41 | I43: Narc Magic Mark | J43: 5566.4 | L43: =IF(K43="","",J43/K43)
A44: 28 | B44: Mirumok Ruins | C44: kamasylvia | D44: 190 | E44: 270 | F44: 136 | G44: 152.1 | H44: 39 | I44: Degraded Wood Fragment | J44: 5539.7 | L44: =IF(K44="","",J44/K44)
A45: 111 | B45: Murrowak's Labyrinth | C45: snowmountain | D45: 260 | E45: 350 | F45: 167 | G45: 206.9 | H45: 43 | I45: Decomposed Exocrine Gland | J45: 11248 | L45: =IF(K45="","",J45/K45)
A46: 184 | B46: Nymphamare Castle | C46: edania | D46: 370 | E46: 440 | F46: 26217 | G46: 30958.7 | H46: 53 | I46: Contaminated Coral Piece | J46: 5774.9 | L46: =IF(K46="","",J46/K46)
... A53: 120 | B53: Primal Giant Post | C53: calpheon | D53: 280 | E53: 380 | F53: 842 | G53: 1002.1 | H53: 52 | I53: Scornful Spear | J53: 9178.5 | L53: =IF(K53="","",J53/K53)
A54: 37 | B54: Protty Cave | C54: balenos | D54: 170 | E54: 200 | F54: 16 | G54: 21.8 | H54: 9 | I54: Protty Fin | J54: 7523.7 | L54: =IF(K54="","",J54/K54) | M54: low sample
A55: 121 | B55: Quint Hill | C55: calpheon | D55: 320 | E55: 400 | F55: 2609 | G55: 3277.2 | H55: 53 | I55: Fiery Troll Hide | J55: 3855.9 | L55: =IF(K55="","",J55/K55)
A56: 122 | B56: Rhutum Outstation | C56: calpheon | D56: 260 | E56: 360 | F56: 138 | G56: 155.7 | H56: 34 | I56: Gnawing Rhutum Fang | J56: 8332.7 | L56: =IF(K56="","",J56/K56)
A57: 91 | B57: Roud Sulfur Mine | C57: valencia | D57: 190 | E57: 240 | F57: 62 | G57: 94.8 | H57: 26 | I57: Sulfur Fragment | J57: 3311.5 | L57: =IF(K57="","",J57/K57)
A58: 123 | B58: Saunil Camp | C58: calpheon | D58: 250 | E58: 330 | F58: 212 | G58: 247.5 | H58: 36 | I58: Icy Armor Fragment | J58: 8187.7 | L58: =IF(K58="","",J58/K58)
A59: 217 | B59: Scales of Judgment | C59: edania | D59: 415 | E59: 500 | F59: 1082 | G59: 1408 | H59: 5 | I59: Elion Follower's Mark | J59: 6716.5 | L59: =IF(K59="","",J59/K59)
A60: 23 | B60: Sherekhan (Day) | C60: drieghan | D60: 190 | E60: 230 | F60: 167 | G60: 156.5 | H60: 42 | I60: Token of Bravery | J60: 7438.9 | L60: =IF(K60="","",J60/K60)
A61: 119 | B61: Sherekhan (Night) | C61: drieghan | D61: 210 | E61: 230 | F61: 15 | G61: 9.1 | H61: 12 | I61: Medal of Bravery | J61: 1931.7 | L61: =IF(K61="","",J61/K61) | M61: low sample
A62: 200 | B62: Star's End | C62: calpheon | D62: 395 | E62: 460 | F62: 412 | G62: 568 | H62: 7 | I62: Corrupted Sanguine Crystal | J62: 5582.1 | L62: =IF(K62="","",J62/K62)
A63: 14 | B63: Swamp Fogan Habitat | C63: serendia | D63: 240 | E63: 330 | F63: 628 | G63: 679.8 | H63: 51 | I63: Hardened Casque | J63: 7046.6 | L63: =IF(K63="","",J63/K63)
A64: 15 | B64: Swamp Naga Habitat | C64: serendia | D64: 240 | E64: 330 | F64: 143 | G64: 149.9 | H64: 34 | I64: Bruised Naga Fin | J64: 5975.7 | L64: =IF(K64="","",J64/K64)
A65: 201 | B65: Sycraia Ruins Lower Zone | C65: balenos | D65: 395 | E65: 460 | F65: 1821 | G65: 2213.1 | H65: 7 | I65: Underwater Ancient Weapon Power Stone | J65: 5087.7 | L65: =IF(K65="","",J65/K65)
A66: 202 | B66: Sycraia Ruins Upper Zone | C66: balenos | D66: 300 | E66: 400 | F66: 503 | G66: 811.1 | H66: 29 | I66: Destroyed Ancient Weapon Power Stone | J66: 9989.4 | L66: =IF(K66="","",J66/K66)
A67: 193 | B67: Tenebraum Castle | C67: edania | D67: 390 | E67: 450 | F67: 50947 | G67: 74809.2 | H67: 53 | I67: Ancient Soldier Fragment | J67: 6300.1 | L67: =IF(K67="","",J67/K67)
A68: 7 | B68: Thornwood Forest | C68: odyllita | D68: 230 | E68: 320 | F68: 146 | G68: 160.2 | H68: 46 | I68: Moonlight Spirit Powder | J68: 6422.3 | L68: =IF(K68="","",J68/K68)
A69: 83 | B69: Titium Valley | C69: valencia | D69: 100 | E69: 180 | F69: 14 | G69: 17.4 | H69: 12 | I69: Desert Fogan's Helmet Shard | J69: 4172.7 | L69: =IF(K69="","",J69/K69) | M69: low sample
A70: 72 | B70: Traitor's Graveyard | C70: calpheon | D70: 200 | E70: 250 | F70: 32 | G70: 34.3 | H70: 20 | I70: Shard of the Vengeful Undead | J70: 9953.6 | L70: =IF(K70="","",J70/K70) | M70: low sample
A71: 24 | B71: Tshira Ruins | C71: drieghan | D71: 140 | E71: 160 | F71: 53 | G71: 47.7 | H71: 30 | I71: Swamp Leaves | J71: 5624.8 | L71: =IF(K71="","",J71/K71) | M71: low sample
A72: 148 | B72: Tungrad Ruins | C72: ulukita | D72: 330 | E72: 410 | F72: 42820 | G72: 51785.1 | H72: 53 | I72: Tungrad Ruins Fragment | J72: 14309 | L72: =IF(K72="","",J72/K72)
A73: 4 | B73: Tunkuta | C73: odyllita | D73: 250 | E73: 360 | F73: 205 | G73: 211.4 | H73: 46 | I73: Broken Horn Fragment | J73: 4572.4 | L73: =IF(K73="","",J73/K73)
A74: 168 | B74: Unlucky Golden Pig Cave | C74: morninglight | D74: 345 | E74: 438 | F74: 167 | G74: 143.2 | H74: 36 | I74: Shattered Treasures | J74: 8613 | L74: =IF(K74="","",J74/K74)
A75: 2 | B75: Vessel of Inquisition | C75: calpheon | D75: 240 | E75: 320 | F75: 33 | G75: 42.2 | H75: 19 | I75: Sanguine Crystal of Despair | J75: 3987.4 | L75: =IF(K75="","",J75/K75) | M75: low sample
A76: 117 | B76: Vessel of Inquisition Pillars | C76: calpheon | D76: 240 | E76: 360 | F76: 50 | G76: 61.6 | H76: 16 | I76: Sanguine Crystal of Despair | J76: 5405.6 | L76: =IF(K76="","",J76/K76)
A77: 88 | B77: Waragon Nest | C77: valencia | D77: 150 | E77: 220 | F77: 2 | G77: 2 | H77: 2 | I77: Stone Waragon Hide | J77: 23487 | L77: =IF(K77="","",J77/K77) | M77: low sample
A78: 149 | B78: Winter Tree Fossil (280) | C78: snowmountain | D78: 260 | E78: 350 | F78: 6 | G78: 5.9 | H78: 6 | I78: Winter Tree Snow Crystal | J78: 23032 | L78: =IF(K78="","",J78/K78) | M78: low sample
A79: 157 | B79: Yzrahid Highlands | C79: ulukita | D79: 310 | E79: 420 | F79: 1319 | G79: 1455.1 | H79: 7 | I79: Corrupt Power Source | J79: 15279 | L79: =IF(K79="","",J79/K79)
A80: 194 | B80: Zephyrus Castle | C80: edania | D80: 395 | E80: 460 | F80: 4627 | G80: 5377.4 | H80: 7 | I80: Hardened Lava Chunk | J80: 7901.4 | L80: =IF(K80="","",J80/K80)
A81: 162 | B81: [Dehkia 2] Ash Forest | C81: kamasylvia | D81: 345 | E81: 430 | F81: 8325 | G81: 11701.4 | H81: 53 | I81: Tainted Specter's Cloth | J81: 9677 | L81: =IF(K81="","",J81/K81)
A82: 161 | B82: [Dehkia 2] Olun's Valley | C82: odyllita | D82: 340 | E82: 430 | F82: 5896 | G82: 7807.3 | H82: 53 | I82: Tainted Golem's Heart Fragment | J82: 4009.4 | L82: =IF(K82="","",J82/K82)
A83: 155 | B83: [Dehkia] Aakman Temple | C83: valencia | D83: 300 | E83: 400 | F83: 1142 | G83: 1647 | H83: 53 | I83: Tainted Aakman's Token | J83: 8375 | L83: =IF(K83="","",J83/K83)
A84: 143 | B84: [Dehkia] Ash Forest | C84: kamasylvia | D84: 325 | E84: 410 | F84: 1477 | G84: 1896.3 | H84: 53 | I84: Tainted Specter's Cloth | J84: 7711.6 | L84: =IF(K84="","",J84/K84)
A85: 163 | B85: [Dehkia] Cadry Ruins | C85: valencia | D85: 330 | E85: 400 | F85: 626 | G85: 698.8 | H85: 52 | I85: Tainted Cadry's Token | J85: 10574 | L85: =IF(K85="","",J85/K85)
A86: 160 | B86: [Dehkia] Crescent Shrine | C86: valencia | D86: 325 | E86: 400 | F86: 310 | G86: 364.4 | H86: 42 | I86: Tainted Token of Crescent | J86: 10019 | L86: =IF(K86="","",J86/K86)
A87: 151 | B87: [Dehkia] Cyclops Land | C87: calpheon | D87: 310 | E87: 400 | F87: 173 | G87: 173 | H87: 43 | I87: Tainted Huge Spear | J87: 5008.5 | L87: =IF(K87="","",J87/K87)
A88: 198 | B88: [Dehkia] Gyfin Rhasia Temple (Upper) | C88: kamasylvia | D88: 325 | E88: 400 | F88: 1495 | G88: 1673.3 | H88: 38 | I88: Tainted Bronze Fragment | J88: 5829.1 | L88: =IF(K88="","",J88/K88)
A89: 156 | B89: [Dehkia] Hystria Ruins | C89: valencia | D89: 300 | E89: 400 | F89: 5697 | G89: 7816.2 | H89: 53 | I89: Tainted Ruins Fragment | J89: 8667.6 | L89: =IF(K89="","",J89/K89)
A90: 199 | B90: [Dehkia] Mirumok Ruins | C90: kamasylvia | D90: 325 | E90: 400 | F90: 3367 | G90: 3843.8 | H90: 39 | I90: Tainted Wood Fragment | J90: 6554.8 | L90: =IF(K90="","",J90/K90)
A91: 144 | B91: [Dehkia] Olun's Valley | C91: odyllita | D91: 325 | E91: 400 | F91: 45 | G91: 43.8 | H91: 27 | I91: Tainted Golem's Heart Fragment | J91: 1652.4 | L91: =IF(K91="","",J91/K91) | M91: low sample
A92: 159 | B92: [Dehkia] Pila Ku Jail | C92: valencia | D92: 300 | E92: 400 | F92: 1962 | G92: 2583.9 | H92: 53 | I92: Tainted Token Piece | J92: 7802.2 | L92: =IF(K92="","",J92/K92)
A93: 158 | B93: [Dehkia] Roud Sulfur Mine | C93: valencia | D93: 300 | E93: 400 | F93: 3402 | G93: 4403.4 | H93: 53 | I93: Tainted Sulfur Fragment | J93: 9238.2 | L93: =IF(K93="","",J93/K93)
A94: 146 | B94: [Dehkia] Thornwood Forest | C94: odyllita | D94: 310 | E94: 400 | F94: 4420 | G94: 5359.6 | H94: 53 | I94: Tainted Moonlight Spirit Powder | J94: 8193.2 | L94: =IF(K94="","",J94/K94)
A95: 145 | B95: [Dehkia] Tunkuta | C95: odyllita | D95: 310 | E95: 400 | F95: 381 | G95: 401.6 | H95: 50 | I95: Tainted Broken Horn Fragment | J95: 7208.9 | L95: =IF(K95="","",J95/K95)
A96: 169 | B96: [Elvia] Orzekea | C96: odyllita | D96: 350 | E96: 440 | F96: 1795 | G96: 2242.4 | H96: 7 | I96: Thorn-Entwined Weapon Fragment | J96: 6829.8 | L96: =IF(K96="","",J96/K96)

Sheet Drops
A1: spot_id | B1: spot | C1: item | D1: base_items_hr | E1: base_trash_hr | F1: per_1000_trash | G1: one_in_n_trash | H1: ci_low_per_1000 | I1: ci_high_per_1000 | J1: est_drops_observed_min | K1: trash_per_kill | L1: chance_per_kill_% | M1: one_in_n_kills | N1: flag
A2: 1 | B2: (OLD) Sycraia (Lower) | C2: Mossy Ancient Ruins Fragment | D2: 144.08 | E2: 4135.6 | F2: 34.838959 | G2: 29 | H2: 34.198453 | I2: 35.488448 | J2: 11262.3 | K2: =IF(IFERROR(INDEX(Spots!$K$2:$K$96,MATCH(A2,Spots!$A$2:$A$96,0)),"")="","",IFERROR(INDEX(Spots!$K$2:$K$96,MATCH(A2,Spots!$A$2:$A$96,0)),"")) | L2: =IF(OR(K2="",F2=""),"",F2/1000*K2*100) | M2: =IF(OR(L2="",L2=0),"",ROUND(100/L2,0))
A3: 1 | B3: (OLD) Sycraia (Lower) | C3: Black Stone | D3: 32.196 | E3: 4135.6 | F3: 7.7850856 | G3: 128 | H3: 7.4838613 | I3: 8.0953237 | J3: 2516.7 | K3: =IF(IFERROR(INDEX(Spots!$K$2:$K$96,MATCH(A3,Spots!$A$2:$A$96,0)),"")="","",IFERROR(INDEX(Spots!$K$2:$K$96,MATCH(A3,Spots!$A$2:$A$96,0)),"")) | L3: =IF(OR(K3="",F3=""),"",F3/1000*K3*100) | M3: =IF(OR(L3="",L3=0),"",ROUND(100/L3,0))
A4: 1 | B4: (OLD) Sycraia (Lower) | C4: Ancient Spirit Dust | D4: 22.205 | E4: 4135.6 | F4: 5.369233 | G4: 186 | H4: 5.1195752 | I4: 5.6279168 | J4: 1735.7 | K4: =IF(IFERROR(INDEX(Spots!$K$2:$K$96,MATCH(A4,Spots!$A$2:$A$96,0)),"")="","",IFERROR(INDEX(Spots!$K$2:$K$96,MATCH(A4,Spots!$A$2:$A$96,0)),"")) | L4: =IF(OR(K4="",F4=""),"",F4/1000*K4*100) | M4: =IF(OR(L4="",L4=0),"",ROUND(100/L4,0))
A5: 1 | B5: (OLD) Sycraia (Lower) | C5: Abyssal Essence | D5: 10.698 | E5: 4135.6 | F5: 2.5868072 | G5: 387 | H5: 2.414423 | I5: 2.7682492 | J5: 836.2 | K5: =IF(IFERROR(INDEX(Spots!$K$2:$K$96,MATCH(A5,Spots!$A$2:$A$96,0)),"")="","",IFERROR(INDEX(Spots!$K$2:$K$96,MATCH(A5,Spots!$A$2:$A$96,0)),"")) | L5: =IF(OR(K5="",F5=""),"",F5/1000*K5*100) | M5: =IF(OR(L5="",L5=0),"",ROUND(100/L5,0))
A6: 1 | B6: (OLD) Sycraia (Lower) | C6: Caphras Stone | D6: 8.556646 | E6: 4135.6 | F6: 2.0690217 | G6: 483 | H6: 1.9151655 | I6: 2.2319477 | J6: 668.8 | K6: =IF(IFERROR(INDEX(Spots!$K$2:$K$96,MATCH(A6,Spots!$A$2:$A$96,0)),"")="","",IFERROR(INDEX(Spots!$K$2:$K$96,MATCH(A6,Spots!$A$2:$A$96,0)),"")) | L6: =IF(OR(K6="",F6=""),"",F6/1000*K6*100) | M6: =IF(OR(L6="",L6=0),"",ROUND(100/L6,0))
A7: 1 | B7: (OLD) Sycraia (Lower) | C7: Sealed Black Magic Crystal | D7: 4.728518 | E7: 4135.6 | F7: 1.1433693 | G7: 875 | H7: 1.0297584 | I7: 1.2660896 | J7: 369.6 | K7: =IF(IFERROR(INDEX(Spots!$K$2:$K$96,MATCH(A7,Spots!$A$2:$A$96,0)),"")="","",IFERROR(INDEX(Spots!$K$2:$K$96,MATCH(A7,Spots!$A$2:$A$96,0)),"")) | L7: =IF(OR(K7="",F7=""),"",F7/1000*K7*100) | M7: =IF(OR(L7="",L7=0),"",ROUND(100/L7,0))
A8: 1 | B8: (OLD) Sycraia (Lower) | C8: Traveler's Map | D8: 0.93055739 | E8: 4135.6 | F8: 0.22501146 | G8: 4444 | H8: 0.17628333 | I8: 0.28303893 | J8: 72.7 | K8: =IF(IFERROR(INDEX(Spots!$K$2:$K$96,MATCH(A8,Spots!$A$2:$A$96,0)),"")="","",IFERROR(INDEX(Spots!$K$2:$K$96,MATCH(A8,Spots!$A$2:$A$96,0)),"")) | L8: =IF(OR(K8="",F8=""),"",F8/1000*K8*100) | M8: =IF(OR(L8="",L8=0),"",ROUND(100/L8,0))
A9: 1 | B9: (OLD) Sycraia (Lower) | C9: Tungrad Ring | D9: 0.30254188 | E9: 4135.6 | F9: 0.073155499 | G9: 13670 | H9: 0.046685947 | I9: 0.10917062 | J9: 23.6 | K9: =IF(IFERROR(INDEX(Spots!$K$2:$K$96,MATCH(A9,Spots!$A$2:$A$96,0)),"")="","",IFERROR(INDEX(Spots!$K$2:$K$96,MATCH(A9,Spots!$A$2:$A$96,0)),"")) | L9: =IF(OR(K9="",F9=""),"",F9/1000*K9*100) | M9: =IF(OR(L9="",L9=0),"",ROUND(100/L9,0)) | N9: low sample
A10: 1 | B10: (OLD) Sycraia (Lower) | C10: Ancient Creature's Scale | D10: 0.2933546 | E10: 4135.6 | F10: 0.070933988 | G10: 14098 | H10: 0.044916658 | I10: 0.10650553 | J10: 22.9 | K10: =IF(IFERROR(INDEX(Spots!$K$2:$K$96,MATCH(A10,Spots!$A$2:$A$96,0)),"")="","",IFERROR(INDEX(Spots!$K$2:$K$96,MATCH(A10,Spots!$A$2:$A$96,0)),"")) | L10: =IF(OR(K10="",F10=""),"",F10/1000*K10*100) | M10: =IF(OR(L10="",L10=0),"",ROUND(100/L10,0)) | N10: low sample
A11: 1 | B11: (OLD) Sycraia (Lower) | C11: Imperfect Lightstone of Earth | D11: 0.29146098 | E11: 4135.6 | F11: 0.070476105 | G11: 14189 | H11: 0.044552863 | I11: 0.10595539 | J11: 22.8 | K11: =IF(IFERROR(INDEX(Spots!$K$2:$K$96,MATCH(A11,Spots!$A$2:$A$96,0)),"")="","",IFERROR(INDEX(Spots!$K$2:$K$96,MATCH(A11,Spots!$A$2:$A$96,0)),"")) | L11: =IF(OR(K11="",F11=""),"",F11/1000*K11*100) | M11: =IF(OR(L11="",L11=0),"",ROUND(100/L11,0)) | N11: low sample
A12: 1 | B12: (OLD) Sycraia (Lower) | C12: Imperfect Lightstone of Fire | D12: 0.11715738 | E12: 4135.6 | F12: 0.028328992 | G12: 35300 | H12: 0.013032829 | I12: 0.053494603 | J12: 9.2 | K12: =IF(IFERROR(INDEX(Spots!$K$2:$K$96,MATCH(A12,Spots!$A$2:$A$96,0)),"")="","",IFERROR(INDEX(Spots!$K$2:$K$96,MATCH(A12,Spots!$A$2:$A$96,0)),"")) | L12: =IF(OR(K12="",F12=""),"",F12/1000*K12*100) | M12: =IF(OR(L12="",L12=0),"",ROUND(100/L12,0)) | N12: low sample
A13: 1 | B13: (OLD) Sycraia (Lower) | C13: Imperfect Lightstone of Wind | D13: 0.04765843 | E13: 4135.6 | F13: 0.011523946 | G13: 86776 | H13: 0.0029046065 | I13: 0.03044255 | J13: 3.7 | K13: =IF(IFERROR(INDEX(Spots!$K$2:$K$96,MATCH(A13,Spots!$A$2:$A$96,0)),"")="","",IFERROR(INDEX(Spots!$K$2:$K$96,MATCH(A13,Spots!$A$2:$A$96,0)),"")) | L13: =IF(OR(K13="",F13=""),"",F13/1000*K13*100) | M13: =IF(OR(L13="",L13=0),"",ROUND(100/L13,0)) | N13: low sample
A14: 1 | B14: (OLD) Sycraia (Lower) | C14: Any Artifact | D14: 0.04344856 | E14: 4135.6 | F14: 0.010505987 | G14: 95184 | H14: 0.0024172646 | I14: 0.028944838 | J14: 3.4 | K14: =IF(IFERROR(INDEX(Spots!$K$2:$K$96,MATCH(A14,Spots!$A$2:$A$96,0)),"")="","",IFERROR(INDEX(Spots!$K$2:$K$96,MATCH(A14,Spots!$A$2:$A$96,0)),"")) | L14: =IF(OR(K14="",F14=""),"",F14/1000*K14*100) | M14: =IF(OR(L14="",L14=0),"",ROUND(100/L14,0)) | N14: low sample
A15: 1 | B15: (OLD) Sycraia (Lower) | C15: Al Yurad's Ring Piece | D15: 0 | E15: 4135.6 | F15: 0 | H15: 0 | I15: 0.011411652 | J15: 0 | K15: =IF(IFERROR(INDEX(Spots!$K$2:$K$96,MATCH(A15,Spots!$A$2:$A$96,0)),"")="","",IFERROR(INDEX(Spots!$K$2:$K$96,MATCH(A15,Spots!$A$2:$A$96,0)),"")) | L15: =IF(OR(K15="",F15=""),"",F15/1000*K15*100) | M15: =IF(OR(L15="",L15=0),"",ROUND(100/L15,0)) | N15: no drops recorded
A16: 32 | B16: (OLD) Sycraia (Upper) | C16: Black Stone | D16: 63.353 | E16: 16396 | F16: 3.8639302 | G16: 259 | H16: 3.8137518 | I16: 3.9146039 | J16: 22632.9 | K16: =IF(IFERROR(INDEX(Spots!$K$2:$K$96,MATCH(A16,Spots!$A$2:$A$96,0)),"")="","",IFERROR(INDEX(Spots!$K$2:$K$96,MATCH(A16,Spots!$A$2:$A$96,0)),"")) | L16: =IF(OR(K16="",F16=""),"",F16/1000*K16*100) | M16: =IF(OR(L16="",L16=0),"",ROUND(100/L16,0))
A17: 32 | B17: (OLD) Sycraia (Upper) | C17: Caphras Stone | D17: 34.13 | E17: 16396 | F17: 2.0816053 | G17: 480 | H17: 2.0448184 | I17: 2.1188878 | J17: 12192.9 | K17: =IF(IFERROR(INDEX(Spots!$K$2:$K$96,MATCH(A17,Spots!$A$2:$A$96,0)),"")="","",IFERROR(INDEX(Spots!$K$2:$K$96,MATCH(A17,Spots!$A$2:$A$96,0)),"")) | L17: =IF(OR(K17="",F17=""),"",F17/1000*K17*100) | M17: =IF(OR(L17="",L17=0),"",ROUND(100/L17,0))
A18: 32 | B18: (OLD) Sycraia (Upper) | C18: Ancient Spirit Dust | D18: 30.237 | E18: 16396 | F18: 1.8441693 | G18: 542 | H18: 1.8095535 | I18: 1.8792808 | J18: 10802.2 | K18: =IF(IFERROR(INDEX(Spots!$K$2:$K$96,MATCH(A18,Spots!$A$2:$A$96,0)),"")="","",IFERROR(INDEX(Spots!$K$2:$K$96,MATCH(A18,Spots!$A$2:$A$96,0)),"")) | L18: =IF(OR(K18="",F18=""),"",F18/1000*K18*100) | M18: =IF(OR(L18="",L18=0),"",ROUND(100/L18,0))
A19: 32 | B19: (OLD) Sycraia (Upper) | C19: Abyssal Essence | D19: 19.233 | E19: 16396 | F19: 1.17303 | G19: 852 | H19: 1.1454553 | I19: 1.2011009 | J19: 6871 | K19: =IF(IFERROR(INDEX(Spots!$K$2:$K$96,MATCH(A19,Spots!$A$2:$A$96,0)),"")="","",IFERROR(INDEX(Spots!$K$2:$K$96,MATCH(A19,Spots!$A$2:$A$96,0)),"")) | L19: =IF(OR(K19="",F19=""),"",F19/1000*K19*100) | M19: =IF(OR(L19="",L19=0),"",ROUND(100/L19,0))
A20: 32 | B20: (OLD) Sycraia (Upper) | C20: Fragment of the Deep Sea | D20: 15.006 | E20: 16396 | F20: 0.91522323 | G20: 1093 | H20: 0.89088538 | I20: 0.94005748 | J20: 5360.9 | K20: =IF(IFERROR(INDEX(Spots!$K$2:$K$96,MATCH(A20,Spots!$A$2:$A$96,0)),"")="","",IFERROR(INDEX(Spots!$K$2:$K$96,MATCH(A20,Spots!$A$2:$A$96,0)),"")) | L20: =IF(OR(K20="",F20=""),"",F20/1000*K20*100) | M20: =IF(OR(L20="",L20=0),"",ROUND(100/L20,0))
A21: 32 | B21: (OLD) Sycraia (Upper) | C21: Mass of Pure Magic | D21: 3.720084 | E21: 16396 | F21: 0.22688973 | G21: 4407 | H21: 0.2148536 | I21: 0.23942456 | J21: 1329 | K21: =IF(IFERROR(INDEX(Spots!$K$2:$K$96,MATCH(A21,Spots!$A$2:$A$96,0)),"")="","",IFERROR(INDEX(Spots!$K$2:$K$96,MATCH(A21,Spots!$A$2:$A$96,0)),"")) | L21: =IF(OR(K21="",F21=""),"",F21/1000*K21*100) | M21: =IF(OR(L21="",L21=0),"",ROUND(100/L21,0))
A22: 32 | B22: (OLD) Sycraia (Upper) | C22: Sealed Black Magic Crystal | D22: 3.456963 | E22: 16396 | F22: 0.21084185 | G22: 4743 | H22: 0.19924506 | I22: 0.22293751 | J22: 1235 | K22: =IF(IFERROR(INDEX(Spots!$K$2:$K$96,MATCH(A22,Spots!$A$2:$A$96,0)),"")="","",IFERROR(INDEX(Spots!$K$2:$K$96,MATCH(A22,Spots!$A$2:$A$96,0)),"")) | L22: =IF(OR(K22="",F22=""),"",F22/1000*K22*100) | M22: =IF(OR(L22="",L22=0),"",ROUND(100/L22,0))
A23: 32 | B23: (OLD) Sycraia (Upper) | C23: Any Artifact | D23: 0.73617915 | E23: 16396 | F23: 0.044899924 | G23: 22272 | H23: 0.039636662 | I23: 0.050667497 | J23: 263 | K23: =IF(IFERROR(INDEX(Spots!$K$2:$K$96,MATCH(A23,Spots!$A$2:$A$96,0)),"")="","",IFERROR(INDEX(Spots!$K$2:$K$96,MATCH(A23,Spots!$A$2:$A$96,0)),"")) | L23: =IF(OR(K23="",F23=""),"",F23/1000*K23*100) | M23: =IF(OR(L23="",L23=0),"",ROUND(100/L23,0))
A24: 32 | B24: (OLD) Sycraia (Upper) | C24: Ancient Creature's Scale | D24: 0.53743877 | E24: 16396 | F24: 0.032778652 | G24: 30508 | H24: 0.028305628 | I24: 0.03775769 | J24: 192 | K24: =IF(IFERROR(INDEX(Spots!$K$2:$K$96,MATCH(A24,Spots!$A$2:$A$96,0)),"")="","",IFERROR(INDEX(Spots!$K$2:$K$96,MATCH(A24,Spots!$A$2:$A$96,0)),"")) | L24: =IF(OR(K24="",F24=""),"",F24/1000*K24*100) | M24: =IF(OR(L24="",L24=0),"",ROUND(100/L24,0))
A25: 32 | B25: (OLD) Sycraia (Upper) | C25: Imperfect Lightstone of Wind | D25: 0.53463961 | E25: 16396 | F25: 0.032607929 | G25: 30667 | H25: 0.028147 | I25: 0.037574904 | J25: 191 | K25: =IF(IFERROR(INDEX(Spots!$K$2:$K$96,MATCH(A25,Spots!$A$2:$A$96,0)),"")="","",IFERROR(INDEX(Spots!$K$2:$K$96,MATCH(A25,Spots!$A$2:$A$96,0)),"")) | L25: =IF(OR(K25="",F25=""),"",F25/1000*K25*100) | M25: =IF(OR(L25="",L25=0),"",ROUND(100/L25,0))
A26: 32 | B26: (OLD) Sycraia (Upper) | C26: Tungrad Ring | D26: 0.51784465 | E26: 16396 | F26: 0.031583597 | G26: 31662 | H26: 0.027195911 | I26: 0.036477516 | J26: 185 | K26: =IF(IFERROR(INDEX(Spots!$K$2:$K$96,MATCH(A26,Spots!$A$2:$A$96,0)),"")="","",IFERROR(INDEX(Spots!$K$2:$K$96,MATCH(A26,Spots!$A$2:$A$96,0)),"")) | L26: =IF(OR(K26="",F26=""),"",F26/1000*K26*100) | M26: =IF(OR(L26="",L26=0),"",ROUND(100/L26,0))
A27: 32 | B27: (OLD) Sycraia (Upper) | C27: Specter's Energy | D27: 0.34429671 | E27: 16396 | F27: 0.020998823 | G27: 47622 | H27: 0.01745173 | I27: 0.025054829 | J27: 123 | K27: =IF(IFERROR(INDEX(Spots!$K$2:$K$96,MATCH(A27,Spots!$A$2:$A$96,0)),"")="","",IFERROR(INDEX(Spots!$K$2:$K$96,MATCH(A27,Spots!$A$2:$A$96,0)),"")) | L27: =IF(OR(K27="",F27=""),"",F27/1000*K27*100) | M27: =IF(OR(L27="",L27=0),"",ROUND(100/L27,0))
... A29: 32 | B29: (OLD) Sycraia (Upper) | C29: Imperfect Lightstone of Earth | D29: 0.10076977 | E29: 16396 | F29: 0.0061459972 | G29: 162708 | H29: 0.0043039526 | I29: 0.0085089484 | J29: 36 | K29: =IF(IFERROR(INDEX(Spots!$K$2:$K$96,MATCH(A29,Spots!$A$2:$A$96,0)),"")="","",IFERROR(INDEX(Spots!$K$2:$K$96,MATCH(A29,Spots!$A$2:$A$96,0)),"")) | L29: =IF(OR(K29="",F29=""),"",F29/1000*K29*100) | M29: =IF(OR(L29="",L29=0),"",ROUND(100/L29,0))
A30: 32 | B30: (OLD) Sycraia (Upper) | C30: Imperfect Lightstone of Fire | D30: 0.07837649 | E30: 16396 | F30: 0.0047802202 | G30: 209195 | H30: 0.0031756952 | I30: 0.0069090488 | J30: 28 | K30: =IF(IFERROR(INDEX(Spots!$K$2:$K$96,MATCH(A30,Spots!$A$2:$A$96,0)),"")="","",IFERROR(INDEX(Spots!$K$2:$K$96,MATCH(A30,Spots!$A$2:$A$96,0)),"")) | L30: =IF(OR(K30="",F30=""),"",F30/1000*K30*100) | M30: =IF(OR(L30="",L30=0),"",ROUND(100/L30,0)) | N30: low sample
A31: 32 | B31: (OLD) Sycraia (Upper) | C31: Al Yurad's Ring Piece | D31: 0.01679496 | E31: 16396 | F31: 0.0010243328 | G31: 976245 | H31: 0.00037404204 | I31: 0.0022296132 | J31: 6 | K31: =IF(IFERROR(INDEX(Spots!$K$2:$K$96,MATCH(A31,Spots!$A$2:$A$96,0)),"")="","",IFERROR(INDEX(Spots!$K$2:$K$96,MATCH(A31,Spots!$A$2:$A$96,0)),"")) | L31: =IF(OR(K31="",F31=""),"",F31/1000*K31*100) | M31: =IF(OR(L31="",L31=0),"",ROUND(100/L31,0)) | N31: low sample
A32: 32 | B32: (OLD) Sycraia (Upper) | C32: Great Marni's Stone (Sycraia Upper Zone) | D32: 0.00279916 | E32: 16396 | F32: 0.00017072213 | G32: 5857472 | H32: 2.23136e-06 | I32: 0.00094987345 | J32: 1 | K32: =IF(IFERROR(INDEX(Spots!$K$2:$K$96,MATCH(A32,Spots!$A$2:$A$96,0)),"")="","",IFERROR(INDEX(Spots!$K$2:$K$96,MATCH(A32,Spots!$A$2:$A$96,0)),"")) | L32: =IF(OR(K32="",F32=""),"",F32/1000*K32*100) | M32: =IF(OR(L32="",L32=0),"",ROUND(100/L32,0)) | N32: low sample
A33: 6 | B33: Aakman Temple | C33: Black Stone | D33: 34.338 | E33: 7885.3 | F33: 4.3546853 | G33: 230 | H33: 4.1798252 | I33: 4.5349811 | J33: 2335 | K33: =IF(IFERROR(INDEX(Spots!$K$2:$K$96,MATCH(A33,Spots!$A$2:$A$96,0)),"")="","",IFERROR(INDEX(Spots!$K$2:$K$96,MATCH(A33,Spots!$A$2:$A$96,0)),"")) | L33: =IF(OR(K33="",F33=""),"",F33/1000*K33*100) | M33: =IF(OR(L33="",L33=0),"",ROUND(100/L33,0))
A34: 6 | B34: Aakman Temple | C34: Caphras Stone | D34: 11.261 | E34: 7885.3 | F34: 1.4281004 | G34: 700 | H34: 1.3287258 | I34: 1.5329385 | J34: 765.7 | K34: =IF(IFERROR(INDEX(Spots!$K$2:$K$96,MATCH(A34,Spots!$A$2:$A$96,0)),"")="","",IFERROR(INDEX(Spots!$K$2:$K$96,MATCH(A34,Spots!$A$2:$A$96,0)),"")) | L34: =IF(OR(K34="",F34=""),"",F34/1000*K34*100) | M34: =IF(OR(L34="",L34=0),"",ROUND(100/L34,0))
A35: 6 | B35: Aakman Temple | C35: Scroll Written in Ancient Language | D35: 10.395 | E35: 7885.3 | F35: 1.3182758 | G35: 759 | H35: 1.2228688 | I35: 1.4191489 | J35: 706.9 | K35: =IF(IFERROR(INDEX(Spots!$K$2:$K$96,MATCH(A35,Spots!$A$2:$A$96,0)),"")="","",IFERROR(INDEX(Spots!$K$2:$K$96,MATCH(A35,Spots!$A$2:$A$96,0)),"")) | L35: =IF(OR(K35="",F35=""),"",F35/1000*K35*100) | M35: =IF(OR(L35="",L35=0),"",ROUND(100/L35,0))
A36: 6 | B36: Aakman Temple | C36: Sealed Black Magic Crystal | D36: 2.845403 | E36: 7885.3 | F36: 0.36084905 | G36: 2771 | H36: 0.3117897 | I36: 0.41543563 | J36: 193.5 | K36: =IF(IFERROR(INDEX(Spots!$K$2:$K$96,MATCH(A36,Spots!$A$2:$A$96,0)),"")="","",IFERROR(INDEX(Spots!$K$2:$K$96,MATCH(A36,Spots!$A$2:$A$96,0)),"")) | L36: =IF(OR(K36="",F36=""),"",F36/1000*K36*100) | M36: =IF(OR(L36="",L36=0),"",ROUND(100/L36,0))
A37: 6 | B37: Aakman Temple | C37: Ancient Spirit Dust | D37: 2.389619 | E37: 7885.3 | F37: 0.30304732 | G37: 3300 | H37: 0.25823961 | I37: 0.35339382 | J37: 162.5 | K37: =IF(IFERROR(INDEX(Spots!$K$2:$K$96,MATCH(A37,Spots!$A$2:$A$96,0)),"")="","",IFERROR(INDEX(Spots!$K$2:$K$96,MATCH(A37,Spots!$A$2:$A$96,0)),"")) | L37: =IF(OR(K37="",F37=""),"",F37/1000*K37*100) | M37: =IF(OR(L37="",L37=0),"",ROUND(100/L37,0))
A38: 6 | B38: Aakman Temple | C38: Mass of Pure Magic | D38: 1.169322 | E38: 7885.3 | F38: 0.14829138 | G38: 6743 | H38: 0.11749316 | I38: 0.1846872 | J38: 79.5 | K38: =IF(IFERROR(INDEX(Spots!$K$2:$K$96,MATCH(A38,Spots!$A$2:$A$96,0)),"")="","",IFERROR(INDEX(Spots!$K$2:$K$96,MATCH(A38,Spots!$A$2:$A$96,0)),"")) | L38: =IF(OR(K38="",F38=""),"",F38/1000*K38*100) | M38: =IF(OR(L38="",L38=0),"",ROUND(100/L38,0))
A39: 6 | B39: Aakman Temple | C39: Traveler's Map | D39: 0.62038535 | E39: 7885.3 | F39: 0.078676189 | G39: 12710 | H39: 0.056741035 | I39: 0.10628039 | J39: 42.2 | K39: =IF(IFERROR(INDEX(Spots!$K$2:$K$96,MATCH(A39,Spots!$A$2:$A$96,0)),"")="","",IFERROR(INDEX(Spots!$K$2:$K$96,MATCH(A39,Spots!$A$2:$A$96,0)),"")) | L39: =IF(OR(K39="",F39=""),"",F39/1000*K39*100) | M39: =IF(OR(L39="",L39=0),"",ROUND(100/L39,0))
A40: 6 | B40: Aakman Temple | C40: Part for Explorer's Compass | D40: 0.59296793 | E40: 7885.3 | F40: 0.075199159 | G40: 13298 | H40: 0.05379536 | I40: 0.10227794 | J40: 40.3 | K40: =IF(IFERROR(INDEX(Spots!$K$2:$K$96,MATCH(A40,Spots!$A$2:$A$96,0)),"")="","",IFERROR(INDEX(Spots!$K$2:$K$96,MATCH(A40,Spots!$A$2:$A$96,0)),"")) | L40: =IF(OR(K40="",F40=""),"",F40/1000*K40*100) | M40: =IF(OR(L40="",L40=0),"",ROUND(100/L40,0))
A41: 6 | B41: Aakman Temple | C41: Imperfect Lightstone of Fire | D41: 0.45559253 | E41: 7885.3 | F41: 0.05777745 | G41: 17308 | H41: 0.039244198 | I41: 0.082022778 | J41: 31 | K41: =IF(IFERROR(INDEX(Spots!$K$2:$K$96,MATCH(A41,Spots!$A$2:$A$96,0)),"")="","",IFERROR(INDEX(Spots!$K$2:$K$96,MATCH(A41,Spots!$A$2:$A$96,0)),"")) | L41: =IF(OR(K41="",F41=""),"",F41/1000*K41*100) | M41: =IF(OR(L41="",L41=0),"",ROUND(100/L41,0))
A42: 6 | B42: Aakman Temple | C42: Tungrad Earring | D42: 0.20725421 | E42: 7885.3 | F42: 0.026283618 | G42: 38047 | H42: 0.014390608 | I42: 0.044028697 | J42: 14.1 | K42: =IF(IFERROR(INDEX(Spots!$K$2:$K$96,MATCH(A42,Spots!$A$2:$A$96,0)),"")="","",IFERROR(INDEX(Spots!$K$2:$K$96,MATCH(A42,Spots!$A$2:$A$96,0)),"")) | L42: =IF(OR(K42="",F42=""),"",F42/1000*K42*100) | M42: =IF(OR(L42="",L42=0),"",ROUND(100/L42,0)) | N42: low sample
A43: 6 | B43: Aakman Temple | C43: Imperfect Lightstone of Earth | D43: 0.13133947 | E43: 7885.3 | F43: 0.016656243 | G43: 60038 | H43: 0.0075728422 | I43: 0.031695978 | J43: 8.9 | K43: =IF(IFERROR(INDEX(Spots!$K$2:$K$96,MATCH(A43,Spots!$A$2:$A$96,0)),"")="","",IFERROR(INDEX(Spots!$K$2:$K$96,MATCH(A43,Spots!$A$2:$A$96,0)),"")) | L43: =IF(OR(K43="",F43=""),"",F43/1000*K43*100) | M43: =IF(OR(L43="",L43=0),"",ROUND(100/L43,0)) | N43: low sample
A44: 6 | B44: Aakman Temple | C44: Darkness Condenser Detection Device | D44: 0.0669811 | E44: 7885.3 | F44: 0.0084944263 | G44: 117724 | H44: 0.0025488245 | I44: 0.020585039 | J44: 4.6 | K44: =IF(IFERROR(INDEX(Spots!$K$2:$K$96,MATCH(A44,Spots!$A$2:$A$96,0)),"")="","",IFERROR(INDEX(Spots!$K$2:$K$96,MATCH(A44,Spots!$A$2:$A$96,0)),"")) | L44: =IF(OR(K44="",F44=""),"",F44/1000*K44*100) | M44: =IF(OR(L44="",L44=0),"",ROUND(100/L44,0)) | N44: low sample
A45: 6 | B45: Aakman Temple | C45: Aakman Temple Paint | D45: 0.05573951 | E45: 7885.3 | F45: 0.0070687875 | G45: 141467 | H45: 0.0018108306 | I45: 0.018530336 | J45: 3.8 | K45: =IF(IFERROR(INDEX(Spots!$K$2:$K$96,MATCH(A45,Spots!$A$2:$A$96,0)),"")="","",IFERROR(INDEX(Spots!$K$2:$K$96,MATCH(A45,Spots!$A$2:$A$96,0)),"")) | L45: =IF(OR(K45="",F45=""),"",F45/1000*K45*100) | M45: =IF(OR(L45="",L45=0),"",ROUND(100/L45,0)) | N45: low sample
A46: 6 | B46: Aakman Temple | C46: Imperfect Lightstone of Wind | D46: 0.04166997 | E46: 7885.3 | F46: 0.005284513 | G46: 189232 | H46: 0.00099244586 | I46: 0.015878368 | J46: 2.8 | K46: =IF(IFERROR(INDEX(Spots!$K$2:$K$96,MATCH(A46,Spots!$A$2:$A$96,0)),"")="","",IFERROR(INDEX(Spots!$K$2:$K$96,MATCH(A46,Spots!$A$2:$A$96,0)),"")) | L46: =IF(OR(K46="",F46=""),"",F46/1000*K46*100) | M46: =IF(OR(L46="",L46=0),"",ROUND(100/L46,0)) | N46: low sample
A47: 6 | B47: Aakman Temple | C47: Pure Forest Breath | D47: 0.03380553 | E47: 7885.3 | F47: 0.0042871584 | G47: 233255 | H47: 0.00060543892 | I47: 0.014344587 | J47: 2.3 | K47: =IF(IFERROR(INDEX(Spots!$K$2:$K$96,MATCH(A47,Spots!$A$2:$A$96,0)),"")="","",IFERROR(INDEX(Spots!$K$2:$K$96,MATCH(A47,Spots!$A$2:$A$96,0)),"")) | L47: =IF(OR(K47="",F47=""),"",F47/1000*K47*100) | M47: =IF(OR(L47="",L47=0),"",ROUND(100/L47,0)) | N47: low sample
A48: 6 | B48: Aakman Temple | C48: Any Artifact | D48: 0.01399604 | E48: 7885.3 | F48: 0.0017749534 | G48: 563395 | H48: 1.7287475e-05 | I48: 0.010219263 | J48: 1 | K48: =IF(IFERROR(INDEX(Spots!$K$2:$K$96,MATCH(A48,Spots!$A$2:$A$96,0)),"")="","",IFERROR(INDEX(Spots!$K$2:$K$96,MATCH(A48,Spots!$A$2:$A$96,0)),"")) | L48: =IF(OR(K48="",F48=""),"",F48/1000*K48*100) | M48: =IF(OR(L48="",L48=0),"",ROUND(100/L48,0)) | N48: low sample
A49: 11 | B49: Abandoned Monastery | C49: Ancient Spirit Dust | D49: 35.619 | E49: 4502.8 | F49: 7.9104113 | G49: 126 | H49: 7.301504 | I49: 8.5565437 | J49: 623.3 | K49: =IF(IFERROR(INDEX(Spots!$K$2:$K$96,MATCH(A49,Spots!$A$2:$A$96,0)),"")="","",IFERROR(INDEX(Spots!$K$2:$K$96,MATCH(A49,Spots!$A$2:$A$96,0)),"")) | L49: =IF(OR(K49="",F49=""),"",F49/1000*K49*100) | M49: =IF(OR(L49="",L49=0),"",ROUND(100/L49,0)) | N49: low sample
A50: 11 | B50: Abandoned Monastery | C50: Black Stone | D50: 13.443 | E50: 4502.8 | F50: 2.9854757 | G50: 335 | H50: 2.6161131 | I50: 3.3923687 | J50: 235.3 | K50: =IF(IFERROR(INDEX(Spots!$K$2:$K$96,MATCH(A50,Spots!$A$2:$A$96,0)),"")="","",IFERROR(INDEX(Spots!$K$2:$K$96,MATCH(A50,Spots!$A$2:$A$96,0)),"")) | L50: =IF(OR(K50="",F50=""),"",F50/1000*K50*100) | M50: =IF(OR(L50="",L50=0),"",ROUND(100/L50,0)) | N50: low sample
A51: 11 | B51: Abandoned Monastery | C51: Ancient Relic Crystal Shard | D51: 5.161339 | E51: 4502.8 | F51: 1.146251 | G51: 872 | H51: 0.922072 | I51: 1.4084381 | J51: 90.3 | K51: =IF(IFERROR(INDEX(Spots!$K$2:$K$96,MATCH(A51,Spots!$A$2:$A$96,0)),"")="","",IFERROR(INDEX(Spots!$K$2:$K$96,MATCH(A51,Spots!$A$2:$A$96,0)),"")) | L51: =IF(OR(K51="",F51=""),"",F51/1000*K51*100) | M51: =IF(OR(L51="",L51=0),"",ROUND(100/L51,0)) | N51: low sample
A52: 11 | B52: Abandoned Monastery | C52: Ancient Magic Crystal - Carmae | D52: 0.34499354 | E52: 4502.8 | F52: 0.076617558 | G52: 13052 | H52: 0.028088161 | I52: 0.16638967 | J52: 6 | K52: =IF(IFERROR(INDEX(Spots!$K$2:$K$96,MATCH(A52,Spots!$A$2:$A$96,0)),"")="","",IFERROR(INDEX(Spots!$K$2:$K$96,MATCH(A52,Spots!$A$2:$A$96,0)),"")) | L52: =IF(OR(K52="",F52=""),"",F52/1000*K52*100) | M52: =IF(OR(L52="",L52=0),"",ROUND(100/L52,0)) | N52: low sample
A53: 11 | B53: Abandoned Monastery | C53: Imperfect Lightstone of Fire | D53: 0.32335931 | E53: 4502.8 | F53: 0.071812941 | G53: 13925 | H53: 0.025240507 | I53: 0.15975517 | J53: 5.7 | K53: =IF(IFERROR(INDEX(Spots!$K$2:$K$96,MATCH(A53,Spots!$A$2:$A$96,0)),"")="","",IFERROR(INDEX(Spots!$K$2:$K$96,MATCH(A53,Spots!$A$2:$A$96,0)),"")) | L53: =IF(OR(K53="",F53=""),"",F53/1000*K53*100) | M53: =IF(OR(L53="",L53=0),"",ROUND(100/L53,0)) | N53: low sample
... A56: 11 | B56: Abandoned Monastery | C56: Imperfect Lightstone of Earth | D56: 0.01068091 | E56: 4502.8 | F56: 0.0023720596 | G56: 421575 | H56: 0 | I56: 0.051456255 | J56: 0.2 | K56: =IF(IFERROR(INDEX(Spots!$K$2:$K$96,MATCH(A56,Spots!$A$2:$A$96,0)),"")="","",IFERROR(INDEX(Spots!$K$2:$K$96,MATCH(A56,Spots!$A$2:$A$96,0)),"")) | L56: =IF(OR(K56="",F56=""),"",F56/1000*K56*100) | M56: =IF(OR(L56="",L56=0),"",ROUND(100/L56,0)) | N56: low sample
A57: 11 | B57: Abandoned Monastery | C57: Darkness Summoned by Dawn | D57: 0 | E57: 4502.8 | F57: 0 | H57: 0 | I57: 0.046815315 | J57: 0 | K57: =IF(IFERROR(INDEX(Spots!$K$2:$K$96,MATCH(A57,Spots!$A$2:$A$96,0)),"")="","",IFERROR(INDEX(Spots!$K$2:$K$96,MATCH(A57,Spots!$A$2:$A$96,0)),"")) | L57: =IF(OR(K57="",F57=""),"",F57/1000*K57*100) | M57: =IF(OR(L57="",L57=0),"",ROUND(100/L57,0)) | N57: no drops recorded
A58: 11 | B58: Abandoned Monastery | C58: Imperfect Lightstone of Wind | D58: 0 | E58: 4502.8 | F58: 0 | H58: 0 | I58: 0.046815315 | J58: 0 | K58: =IF(IFERROR(INDEX(Spots!$K$2:$K$96,MATCH(A58,Spots!$A$2:$A$96,0)),"")="","",IFERROR(INDEX(Spots!$K$2:$K$96,MATCH(A58,Spots!$A$2:$A$96,0)),"")) | L58: =IF(OR(K58="",F58=""),"",F58/1000*K58*100) | M58: =IF(OR(L58="",L58=0),"",ROUND(100/L58,0)) | N58: no drops recorded
A59: 183 | B59: Aetherion Castle | C59: Black Stone | D59: 22.484 | E59: 5688.5 | F59: 3.9525358 | G59: 253 | H59: 3.9428798 | I59: 3.9622096 | J59: 642901.1 | K59: =IF(IFERROR(INDEX(Spots!$K$2:$K$96,MATCH(A59,Spots!$A$2:$A$96,0)),"")="","",IFERROR(INDEX(Spots!$K$2:$K$96,MATCH(A59,Spots!$A$2:$A$96,0)),"")) | L59: =IF(OR(K59="",F59=""),"",F59/1000*K59*100) | M59: =IF(OR(L59="",L59=0),"",ROUND(100/L59,0))
A60: 183 | B60: Aetherion Castle | C60: Ancient Spirit Dust | D60: 21.655 | E60: 5688.5 | F60: 3.8068032 | G60: 263 | H60: 3.797327 | I60: 3.8162972 | J60: 619196.9 | K60: =IF(IFERROR(INDEX(Spots!$K$2:$K$96,MATCH(A60,Spots!$A$2:$A$96,0)),"")="","",IFERROR(INDEX(Spots!$K$2:$K$96,MATCH(A60,Spots!$A$2:$A$96,0)),"")) | L60: =IF(OR(K60="",F60=""),"",F60/1000*K60*100) | M60: =IF(OR(L60="",L60=0),"",ROUND(100/L60,0))
A61: 183 | B61: Aetherion Castle | C61: Caphras Stone | D61: 12.335 | E61: 5688.5 | F61: 2.1684099 | G61: 461 | H61: 2.1612594 | I61: 2.1755783 | J61: 352703.5 | K61: =IF(IFERROR(INDEX(Spots!$K$2:$K$96,MATCH(A61,Spots!$A$2:$A$96,0)),"")="","",IFERROR(INDEX(Spots!$K$2:$K$96,MATCH(A61,Spots!$A$2:$A$96,0)),"")) | L61: =IF(OR(K61="",F61=""),"",F61/1000*K61*100) | M61: =IF(OR(L61="",L61=0),"",ROUND(100/L61,0))
A62: 183 | B62: Aetherion Castle | C62: Primordial Fragment | D62: 2.384093 | E62: 5688.5 | F62: 0.4191075 | G62: 2386 | H62: 0.41596714 | I62: 0.42226568 | J62: 68170.1 | K62: =IF(IFERROR(INDEX(Spots!$K$2:$K$96,MATCH(A62,Spots!$A$2:$A$96,0)),"")="","",IFERROR(INDEX(Spots!$K$2:$K$96,MATCH(A62,Spots!$A$2:$A$96,0)),"")) | L62: =IF(OR(K62="",F62=""),"",F62/1000*K62*100) | M62: =IF(OR(L62="",L62=0),"",ROUND(100/L62,0))
A63: 183 | B63: Aetherion Castle | C63: WON Crystal of Ruin | D63: 2.338663 | E63: 5688.5 | F63: 0.41112121 | G63: 2432 | H63: 0.40801097 | I63: 0.41424927 | J63: 66871.1 | K63: =IF(IFERROR(INDEX(Spots!$K$2:$K$96,MATCH(A63,Spots!$A$2:$A$96,0)),"")="","",IFERROR(INDEX(Spots!$K$2:$K$96,MATCH(A63,Spots!$A$2:$A$96,0)),"")) | L63: =IF(OR(K63="",F63=""),"",F63/1000*K63*100) | M63: =IF(OR(L63="",L63=0),"",ROUND(100/L63,0))
A64: 183 | B64: Aetherion Castle | C64: Distorted Fragment of Origin | D64: 0.32610132 | E64: 5688.5 | F64: 0.057326416 | G64: 17444 | H64: 0.056168662 | I64: 0.058502028 | J64: 9324.4 | K64: =IF(IFERROR(INDEX(Spots!$K$2:$K$96,MATCH(A64,Spots!$A$2:$A$96,0)),"")="","",IFERROR(INDEX(Spots!$K$2:$K$96,MATCH(A64,Spots!$A$2:$A$96,0)),"")) | L64: =IF(OR(K64="",F64=""),"",F64/1000*K64*100) | M64: =IF(OR(L64="",L64=0),"",ROUND(100/L64,0))
A65: 183 | B65: Aetherion Castle | C65: Deboreka Earring | D65: 0.11784962 | E65: 5688.5 | F65: 0.02071717 | G65: 48269 | H65: 0.02002351 | I65: 0.021428727 | J65: 3369.8 | K65: =IF(IFERROR(INDEX(Spots!$K$2:$K$96,MATCH(A65,Spots!$A$2:$A$96,0)),"")="","",IFERROR(INDEX(Spots!$K$2:$K$96,MATCH(A65,Spots!$A$2:$A$96,0)),"")) | L65: =IF(OR(K65="",F65=""),"",F65/1000*K65*100) | M65: =IF(OR(L65="",L65=0),"",ROUND(100/L65,0))
A66: 183 | B66: Aetherion Castle | C66: Silent Fragment of Origin | D66: 0.07433192 | E66: 5688.5 | F66: 0.013067051 | G66: 76528 | H66: 0.012517361 | I66: 0.013634666 | J66: 2125.4 | K66: =IF(IFERROR(INDEX(Spots!$K$2:$K$96,MATCH(A66,Spots!$A$2:$A$96,0)),"")="","",IFERROR(INDEX(Spots!$K$2:$K$96,MATCH(A66,Spots!$A$2:$A$96,0)),"")) | L66: =IF(OR(K66="",F66=""),"",F66/1000*K66*100) | M66: =IF(OR(L66="",L66=0),"",ROUND(100/L66,0))
A67: 183 | B67: Aetherion Castle | C67: Deboreka Ring | D67: 0.06011162 | E67: 5688.5 | F67: 0.010567218 | G67: 94632 | H67: 0.010073488 | I67: 0.011078888 | J67: 1718.8 | K67: =IF(IFERROR(INDEX(Spots!$K$2:$K$96,MATCH(A67,Spots!$A$2:$A$96,0)),"")="","",IFERROR(INDEX(Spots!$K$2:$K$96,MATCH(A67,Spots!$A$2:$A$96,0)),"")) | L67: =IF(OR(K67="",F67=""),"",F67/1000*K67*100) | M67: =IF(OR(L67="",L67=0),"",ROUND(100/L67,0))
A68: 183 | B68: Aetherion Castle | C68: Deboreka Belt | D68: 0.05991092 | E68: 5688.5 | F68: 0.010531936 | G68: 94949 | H68: 0.010039041 | I68: 0.011042772 | J68: 1713.1 | K68: =IF(IFERROR(INDEX(Spots!$K$2:$K$96,MATCH(A68,Spots!$A$2:$A$96,0)),"")="","",IFERROR(INDEX(Spots!$K$2:$K$96,MATCH(A68,Spots!$A$2:$A$96,0)),"")) | L68: =IF(OR(K68="",F68=""),"",F68/1000*K68*100) | M68: =IF(OR(L68="",L68=0),"",ROUND(100/L68,0))
A69: 183 | B69: Aetherion Castle | C69: Deboreka Necklace | D69: 0.05933496 | E69: 5688.5 | F69: 0.010430686 | G69: 95871 | H69: 0.0099401939 | I69: 0.010939119 | J69: 1696.6 | K69: =IF(IFERROR(INDEX(Spots!$K$2:$K$96,MATCH(A69,Spots!$A$2:$A$96,0)),"")="","",IFERROR(INDEX(Spots!$K$2:$K$96,MATCH(A69,Spots!$A$2:$A$96,0)),"")) | L69: =IF(OR(K69="",F69=""),"",F69/1000*K69*100) | M69: =IF(OR(L69="",L69=0),"",ROUND(100/L69,0))
A70: 183 | B70: Aetherion Castle | C70: WON Crystal of Dusky Ruin | D70: 0.00883864 | E70: 5688.5 | F70: 0.0015537734 | G70: 643594 | H70: 0.0013680899 | I70: 0.0017576252 | J70: 252.7 | K70: =IF(IFERROR(INDEX(Spots!$K$2:$K$96,MATCH(A70,Spots!$A$2:$A$96,0)),"")="","",IFERROR(INDEX(Spots!$K$2:$K$96,MATCH(A70,Spots!$A$2:$A$96,0)),"")) | L70: =IF(OR(K70="",F70=""),"",F70/1000*K70*100) | M70: =IF(OR(L70="",L70=0),"",ROUND(100/L70,0))
A71: 183 | B71: Aetherion Castle | C71: Distorted Crystal of Origin | D71: 0.00096602 | E71: 5688.5 | F71: 0.00016981981 | G71: 5888594 | H71: 0.00011247103 | I71: 0.00024605658 | J71: 27.6 | K71: =IF(IFERROR(INDEX(Spots!$K$2:$K$96,MATCH(A71,Spots!$A$2:$A$96,0)),"")="","",IFERROR(INDEX(Spots!$K$2:$K$96,MATCH(A71,Spots!$A$2:$A$96,0)),"")) | L71: =IF(OR(K71="",F71=""),"",F71/1000*K71*100) | M71: =IF(OR(L71="",L71=0),"",ROUND(100/L71,0)) | N71: low sample
A72: 183 | B72: Aetherion Castle | C72: Silent Crystal of Origin | D72: 9.696e-05 | E72: 5688.5 | F72: 1.7044915e-05 | G72: 58668523 | H72: 3.1160107e-06 | I72: 5.177297e-05 | J72: 2.8 | K72: =IF(IFERROR(INDEX(Spots!$K$2:$K$96,MATCH(A72,Spots!$A$2:$A$96,0)),"")="","",IFERROR(INDEX(Spots!$K$2:$K$96,MATCH(A72,Spots!$A$2:$A$96,0)),"")) | L72: =IF(OR(K72="",F72=""),"",F72/1000*K72*100) | M72: =IF(OR(L72="",L72=0),"",ROUND(100/L72,0)) | N72: low sample
A73: 13 | B73: Altar Imp Habitat | C73: Black Stone | D73: 39.183 | E73: 5808.8 | F73: 6.7454552 | G73: 148 | H73: 6.5709908 | I73: 6.9233789 | J73: 5669.1 | K73: =IF(IFERROR(INDEX(Spots!$K$2:$K$96,MATCH(A73,Spots!$A$2:$A$96,0)),"")="","",IFERROR(INDEX(Spots!$K$2:$K$96,MATCH(A73,Spots!$A$2:$A$96,0)),"")) | L73: =IF(OR(K73="",F73=""),"",F73/1000*K73*100) | M73: =IF(OR(L73="",L73=0),"",ROUND(100/L73,0))
A74: 13 | B74: Altar Imp Habitat | C74: Trace of Nature | D74: 22.964 | E74: 5808.8 | F74: 3.9533122 | G74: 253 | H74: 3.8200162 | I74: 4.0900723 | J74: 3322.5 | K74: =IF(IFERROR(INDEX(Spots!$K$2:$K$96,MATCH(A74,Spots!$A$2:$A$96,0)),"")="","",IFERROR(INDEX(Spots!$K$2:$K$96,MATCH(A74,Spots!$A$2:$A$96,0)),"")) | L74: =IF(OR(K74="",F74=""),"",F74/1000*K74*100) | M74: =IF(OR(L74="",L74=0),"",ROUND(100/L74,0))
A75: 13 | B75: Altar Imp Habitat | C75: Shard of the Tearful Night | D75: 4.760678 | E75: 5808.8 | F75: 0.81956308 | G75: 1220 | H75: 0.75949092 | I75: 0.88312322 | J75: 688.8 | K75: =IF(IFERROR(INDEX(Spots!$K$2:$K$96,MATCH(A75,Spots!$A$2:$A$96,0)),"")="","",IFERROR(INDEX(Spots!$K$2:$K$96,MATCH(A75,Spots!$A$2:$A$96,0)),"")) | L75: =IF(OR(K75="",F75=""),"",F75/1000*K75*100) | M75: =IF(OR(L75="",L75=0),"",ROUND(100/L75,0))
A76: 13 | B76: Altar Imp Habitat | C76: Okiara's Tide | D76: 3.977475 | E76: 5808.8 | F76: 0.68473265 | G76: 1460 | H76: 0.62992187 | I76: 0.74303551 | J76: 575.5 | K76: =IF(IFERROR(INDEX(Spots!$K$2:$K$96,MATCH(A76,Spots!$A$2:$A$96,0)),"")="","",IFERROR(INDEX(Spots!$K$2:$K$96,MATCH(A76,Spots!$A$2:$A$96,0)),"")) | L76: =IF(OR(K76="",F76=""),"",F76/1000*K76*100) | M76: =IF(OR(L76="",L76=0),"",ROUND(100/L76,0))
A77: 13 | B77: Altar Imp Habitat | C77: Seed of Void | D77: 2.555861 | E77: 5808.8 | F77: 0.43999811 | G77: 2273 | H77: 0.39628794 | I77: 0.48721213 | J77: 369.8 | K77: =IF(IFERROR(INDEX(Spots!$K$2:$K$96,MATCH(A77,Spots!$A$2:$A$96,0)),"")="","",IFERROR(INDEX(Spots!$K$2:$K$96,MATCH(A77,Spots!$A$2:$A$96,0)),"")) | L77: =IF(OR(K77="",F77=""),"",F77/1000*K77*100) | M77: =IF(OR(L77="",L77=0),"",ROUND(100/L77,0))
A78: 13 | B78: Altar Imp Habitat | C78: Mass of Pure Magic | D78: 2.104767 | E78: 5808.8 | F78: 0.3623411 | G78: 2760 | H78: 0.3227814 | I78: 0.40541069 | J78: 304.5 | K78: =IF(IFERROR(INDEX(Spots!$K$2:$K$96,MATCH(A78,Spots!$A$2:$A$96,0)),"")="","",IFERROR(INDEX(Spots!$K$2:$K$96,MATCH(A78,Spots!$A$2:$A$96,0)),"")) | L78: =IF(OR(K78="",F78=""),"",F78/1000*K78*100) | M78: =IF(OR(L78="",L78=0),"",ROUND(100/L78,0))
A79: 13 | B79: Altar Imp Habitat | C79: Sealed Black Magic Crystal | D79: 2.043578 | E79: 5808.8 | F79: 0.35180726 | G79: 2842 | H79: 0.31284363 | I79: 0.39428174 | J79: 295.7 | K79: =IF(IFERROR(INDEX(Spots!$K$2:$K$96,MATCH(A79,Spots!$A$2:$A$96,0)),"")="","",IFERROR(INDEX(Spots!$K$2:$K$96,MATCH(A79,Spots!$A$2:$A$96,0)),"")) | L79: =IF(OR(K79="",F79=""),"",F79/1000*K79*100) | M79: =IF(OR(L79="",L79=0),"",ROUND(100/L79,0))
A80: 13 | B80: Altar Imp Habitat | C80: Altar Imp Captain (Boss) | D80: 0.25314588 | E80: 5808.8 | F80: 0.04357972 | G80: 22946 | H80: 0.030620148 | I80: 0.060168253 | J80: 36.6 | K80: =IF(IFERROR(INDEX(Spots!$K$2:$K$96,MATCH(A80,Spots!$A$2:$A$96,0)),"")="","",IFERROR(INDEX(Spots!$K$2:$K$96,MATCH(A80,Spots!$A$2:$A$96,0)),"")) | L80: =IF(OR(K80="",F80=""),"",F80/1000*K80*100) | M80: =IF(OR(L80="",L80=0),"",ROUND(100/L80,0))
A81: 13 | B81: Altar Imp Habitat | C81: Revived River Necklace | D81: 0.15373166 | E81: 5808.8 | F81: 0.026465304 | G81: 37785 | H81: 0.016627242 | I81: 0.039981637 | J81: 22.2 | K81: =IF(IFERROR(INDEX(Spots!$K$2:$K$96,MATCH(A81,Spots!$A$2:$A$96,0)),"")="","",IFERROR(INDEX(Spots!$K$2:$K$96,MATCH(A81,Spots!$A$2:$A$96,0)),"")) | L81: =IF(OR(K81="",F81=""),"",F81/1000*K81*100) | M81: =IF(OR(L81="",L81=0),"",ROUND(100/L81,0)) | N81: low sample
A82: 13 | B82: Altar Imp Habitat | C82: Burning Valtarra's Jordun | D82: 0.05607613 | E82: 5808.8 | F82: 0.0096536514 | G82: 103588 | H82: 0.0041866581 | I82: 0.018936329 | J82: 8.1 | K82: =IF(IFERROR(INDEX(Spots!$K$2:$K$96,MATCH(A82,Spots!$A$2:$A$96,0)),"")="","",IFERROR(INDEX(Spots!$K$2:$K$96,MATCH(A82,Spots!$A$2:$A$96,0)),"")) | L82: =IF(OR(K82="",F82=""),"",F82/1000*K82*100) | M82: =IF(OR(L82="",L82=0),"",ROUND(100/L82,0)) | N82: low sample
A83: 213 | B83: Aphrodon Temple | C83: Ancient Spirit Dust | D83: 38.534 | E83: 6196.8 | F83: 6.2183708 | G83: 161 | H83: 6.2067675 | I83: 6.2299903 | J83: 1102317.7 | K83: =IF(IFERROR(INDEX(Spots!$K$2:$K$96,MATCH(A83,Spots!$A$2:$A$96,0)),"")="","",IFERROR(INDEX(Spots!$K$2:$K$96,MATCH(A83,Spots!$A$2:$A$96,0)),"")) | L83: =IF(OR(K83="",F83=""),"",F83/1000*K83*100) | M83: =IF(OR(L83="",L83=0),"",ROUND(100/L83,0))
A84: 213 | B84: Aphrodon Temple | C84: Black Stone | D84: 24.851 | E84: 6196.8 | F84: 4.0102956 | G84: 249 | H84: 4.0009785 | I84: 4.0196291 | J84: 710896.8 | K84: =IF(IFERROR(INDEX(Spots!$K$2:$K$96,MATCH(A84,Spots!$A$2:$A$96,0)),"")="","",IFERROR(INDEX(Spots!$K$2:$K$96,MATCH(A84,Spots!$A$2:$A$96,0)),"")) | L84: =IF(OR(K84="",F84=""),"",F84/1000*K84*100) | M84: =IF(OR(L84="",L84=0),"",ROUND(100/L84,0))
A85: 213 | B85: Aphrodon Temple | C85: Sealed Black Magic Crystal | D85: 6.579901 | E85: 6196.8 | F85: 1.0618224 | G85: 942 | H85: 1.0570308 | I85: 1.0666304 | J85: 188227.1 | K85: =IF(IFERROR(INDEX(Spots!$K$2:$K$96,MATCH(A85,Spots!$A$2:$A$96,0)),"")="","",IFERROR(INDEX(Spots!$K$2:$K$96,MATCH(A85,Spots!$A$2:$A$96,0)),"")) | L85: =IF(OR(K85="",F85=""),"",F85/1000*K85*100) | M85: =IF(OR(L85="",L85=0),"",ROUND(100/L85,0))
A86: 213 | B86: Aphrodon Temple | C86: Caphras Stone | D86: 6.313113 | E86: 6196.8 | F86: 1.0187698 | G86: 982 | H86: 1.0140765 | I86: 1.0234796 | J86: 180595.2 | K86: =IF(IFERROR(INDEX(Spots!$K$2:$K$96,MATCH(A86,Spots!$A$2:$A$96,0)),"")="","",IFERROR(INDEX(Spots!$K$2:$K$96,MATCH(A86,Spots!$A$2:$A$96,0)),"")) | L86: =IF(OR(K86="",F86=""),"",F86/1000*K86*100) | M86: =IF(OR(L86="",L86=0),"",ROUND(100/L86,0))
A87: 213 | B87: Aphrodon Temple | C87: WON Origin Shard | D87: 2.188235 | E87: 6196.8 | F87: 0.35312339 | G87: 2832 | H87: 0.3503624 | I87: 0.35590072 | J87: 62597.5 | K87: =IF(IFERROR(INDEX(Spots!$K$2:$K$96,MATCH(A87,Spots!$A$2:$A$96,0)),"")="","",IFERROR(INDEX(Spots!$K$2:$K$96,MATCH(A87,Spots!$A$2:$A$96,0)),"")) | L87: =IF(OR(K87="",F87=""),"",F87/1000*K87*100) | M87: =IF(OR(L87="",L87=0),"",ROUND(100/L87,0))
A88: 213 | B88: Aphrodon Temple | C88: Silent Fragment of Origin | D88: 0.43476252 | E88: 6196.8 | F88: 0.070159198 | G88: 14253 | H88: 0.068931492 | I88: 0.071403282 | J88: 12437 | K88: =IF(IFERROR(INDEX(Spots!$K$2:$K$96,MATCH(A88,Spots!$A$2:$A$96,0)),"")="","",IFERROR(INDEX(Spots!$K$2:$K$96,MATCH(A88,Spots!$A$2:$A$96,0)),"")) | L88: =IF(OR(K88="",F88=""),"",F88/1000*K88*100) | M88: =IF(OR(L88="",L88=0),"",ROUND(100/L88,0))
A89: 213 | B89: Aphrodon Temple | C89: Twilight of the End - Earring | D89: 0.39554737 | E89: 6196.8 | F89: 0.063830908 | G89: 15666 | H89: 0.062660126 | I89: 0.065018069 | J89: 11315.2 | K89: =IF(IFERROR(INDEX(Spots!$K$2:$K$96,MATCH(A89,Spots!$A$2:$A$96,0)),"")="","",IFERROR(INDEX(Spots!$K$2:$K$96,MATCH(A89,Spots!$A$2:$A$96,0)),"")) | L89: =IF(OR(K89="",F89=""),"",F89/1000*K89*100) | M89: =IF(OR(L89="",L89=0),"",ROUND(100/L89,0))
A90: 213 | B90: Aphrodon Temple | C90: Nev's Fragment | D90: 0.3004924 | E90: 6196.8 | F90: 0.048491544 | G90: 20622 | H90: 0.047471779 | I90: 0.049527697 | J90: 8596 | K90: =IF(IFERROR(INDEX(Spots!$K$2:$K$96,MATCH(A90,Spots!$A$2:$A$96,0)),"")="","",IFERROR(INDEX(Spots!$K$2:$K$96,MATCH(A90,Spots!$A$2:$A$96,0)),"")) | L90: =IF(OR(K90="",F90=""),"",F90/1000*K90*100) | M90: =IF(OR(L90="",L90=0),"",ROUND(100/L90,0))
A91: 213 | B91: Aphrodon Temple | C91: Fusion Shard | D91: 0.24443885 | E91: 6196.8 | F91: 0.03944598 | G91: 25351 | H91: 0.038526759 | I91: 0.040381596 | J91: 6992.5 | K91: =IF(IFERROR(INDEX(Spots!$K$2:$K$96,MATCH(A91,Spots!$A$2:$A$96,0)),"")="","",IFERROR(INDEX(Spots!$K$2:$K$96,MATCH(A91,Spots!$A$2:$A$96,0)),"")) | L91: =IF(OR(K91="",F91=""),"",F91/1000*K91*100) | M91: =IF(OR(L91="",L91=0),"",ROUND(100/L91,0))
A92: 213 | B92: Aphrodon Temple | C92: Embers of Ynix - Armor | D92: 0.04582723 | E92: 6196.8 | F92: 0.0073953056 | G92: 135221 | H92: 0.0070003421 | I92: 0.0078067488 | J92: 1311 | K92: =IF(IFERROR(INDEX(Spots!$K$2:$K$96,MATCH(A92,Spots!$A$2:$A$96,0)),"")="","",IFERROR(INDEX(Spots!$K$2:$K$96,MATCH(A92,Spots!$A$2:$A$96,0)),"")) | L92: =IF(OR(K92="",F92=""),"",F92/1000*K92*100) | M92: =IF(OR(L92="",L92=0),"",ROUND(100/L92,0))
A93: 213 | B93: Aphrodon Temple | C93: WON Wandering Origin Crystal | D93: 0.01147715 | E93: 6196.8 | F93: 0.0018521092 | G93: 539925 | H93: 0.0016571564 | I93: 0.0020636911 | J93: 328.3 | K93: =IF(IFERROR(INDEX(Spots!$K$2:$K$96,MATCH(A93,Spots!$A$2:$A$96,0)),"")="","",IFERROR(INDEX(Spots!$K$2:$K$96,MATCH(A93,Spots!$A$2:$A$96,0)),"")) | L93: =IF(OR(K93="",F93=""),"",F93/1000*K93*100) | M93: =IF(OR(L93="",L93=0),"",ROUND(100/L93,0))
A94: 213 | B94: Aphrodon Temple | C94: Broken Vestige of Goldroot | D94: 0.00538343 | E94: 6196.8 | F94: 0.00086874355 | G94: 1151088 | H94: 0.00073694385 | I94: 0.0010173084 | J94: 154 | K94: =IF(IFERROR(INDEX(Spots!$K$2:$K$96,MATCH(A94,Spots!$A$2:$A$96,0)),"")="","",IFERROR(INDEX(Spots!$K$2:$K$96,MATCH(A94,Spots!$A$2:$A$96,0)),"")) | L94: =IF(OR(K94="",F94=""),"",F94/1000*K94*100) | M94: =IF(OR(L94="",L94=0),"",ROUND(100/L94,0))
A95: 213 | B95: Aphrodon Temple | C95: Silent Crystal of Origin | D95: 0.00373918 | E95: 6196.8 | F95: 0.00060340498 | G95: 1657262 | H95: 0.00049447566 | I95: 0.00072918477 | J95: 107 | K95: =IF(IFERROR(INDEX(Spots!$K$2:$K$96,MATCH(A95,Spots!$A$2:$A$96,0)),"")="","",IFERROR(INDEX(Spots!$K$2:$K$96,MATCH(A95,Spots!$A$2:$A$96,0)),"")) | L95: =IF(OR(K95="",F95=""),"",F95/1000*K95*100) | M95: =IF(OR(L95="",L95=0),"",ROUND(100/L95,0))
A96: 213 | B96: Aphrodon Temple | C96: Apeiron Earring | D96: 0.00080919 | E96: 6196.8 | F96: 0.00013058191 | G96: 7658028 | H96: 8.288563e-05 | I96: 0.00019569643 | J96: 23.1 | K96: =IF(IFERROR(INDEX(Spots!$K$2:$K$96,MATCH(A96,Spots!$A$2:$A$96,0)),"")="","",IFERROR(INDEX(Spots!$K$2:$K$96,MATCH(A96,Spots!$A$2:$A$96,0)),"")) | L96: =IF(OR(K96="",F96=""),"",F96/1000*K96*100) | M96: =IF(OR(L96="",L96=0),"",ROUND(100/L96,0)) | N96: low sample
A97: 216 | B97: Aresion Temple | C97: Ancient Spirit Dust | D97: 48.563 | E97: 6429.9 | F97: 7.5526836 | G97: 132 | H97: 7.5375326 | I97: 7.5678575 | J97: 953678.6 | K97: =IF(IFERROR(INDEX(Spots!$K$2:$K$96,MATCH(A97,Spots!$A$2:$A$96,0)),"")="","",IFERROR(INDEX(Spots!$K$2:$K$96,MATCH(A97,Spots!$A$2:$A$96,0)),"")) | L97: =IF(OR(K97="",F97=""),"",F97/1000*K97*100) | M97: =IF(OR(L97="",L97=0),"",ROUND(100/L97,0))
A98: 216 | B98: Aresion Temple | C98: Black Stone | D98: 8.901791 | E98: 6429.9 | F98: 1.3844369 | G98: 722 | H98: 1.3779545 | I98: 1.3909423 | J98: 174813.1 | K98: =IF(IFERROR(INDEX(Spots!$K$2:$K$96,MATCH(A98,Spots!$A$2:$A$96,0)),"")="","",IFERROR(INDEX(Spots!$K$2:$K$96,MATCH(A98,Spots!$A$2:$A$96,0)),"")) | L98: =IF(OR(K98="",F98=""),"",F98/1000*K98*100) | M98: =IF(OR(L98="",L98=0),"",ROUND(100/L98,0))
A99: 216 | B99: Aresion Temple | C99: Caphras Stone | D99: 7.531467 | E99: 6429.9 | F99: 1.1713195 | G99: 854 | H99: 1.1653574 | I99: 1.1773045 | J99: 147902.7 | K99: =IF(IFERROR(INDEX(Spots!$K$2:$K$96,MATCH(A99,Spots!$A$2:$A$96,0)),"")="","",IFERROR(INDEX(Spots!$K$2:$K$96,MATCH(A99,Spots!$A$2:$A$96,0)),"")) | L99: =IF(OR(K99="",F99=""),"",F99/1000*K99*100) | M99: =IF(OR(L99="",L99=0),"",ROUND(100/L99,0))
A100: 216 | B100: Aresion Temple | C100: HAN Origin Shard | D100: 1.628961 | E100: 6429.9 | F100: 0.25334158 | G100: 3947 | H100: 0.25057283 | I100: 0.25613329 | J100: 31989.5 | K100: =IF(IFERROR(INDEX(Spots!$K$2:$K$96,MATCH(A100,Spots!$A$2:$A$96,0)),"")="","",IFERROR(INDEX(Spots!$K$2:$K$96,MATCH(A100,Spots!$A$2:$A$96,0)),"")) | L100: =IF(OR(K100="",F100=""),"",F100/1000*K100*100) | M100: =IF(OR(L100="",L100=0),"",ROUND(100/L100,0))
A101: 216 | B101: Aresion Temple | C101: Corrupt Oil of Immortality | D101: 0.42488574 | E101: 6429.9 | F101: 0.066079681 | G101: 15133 | H101: 0.064669315 | I101: 0.067513054 | J101: 8343.9 | K101: =IF(IFERROR(INDEX(Spots!$K$2:$K$96,MATCH(A101,Spots!$A$2:$A$96,0)),"")="","",IFERROR(INDEX(Spots!$K$2:$K$96,MATCH(A101,Spots!$A$2:$A$96,0)),"")) | L101: =IF(OR(K101="",F101=""),"",F101/1000*K101*100) | M101: =IF(OR(L101="",L101=0),"",ROUND(100/L101,0))
A102: 216 | B102: Aresion Temple | C102: Fusion Shard | D102: 0.37049395 | E102: 6429.9 | F102: 0.057620484 | G102: 17355 | H102: 0.056303981 | I102: 0.05896 | J102: 7275.7 | K102: =IF(IFERROR(INDEX(Spots!$K$2:$K$96,MATCH(A102,Spots!$A$2:$A$96,0)),"")="","",IFERROR(INDEX(Spots!$K$2:$K$96,MATCH(A102,Spots!$A$2:$A$96,0)),"")) | L102: =IF(OR(K102="",F102=""),"",F102/1000*K102*100) | M102: =IF(OR(L102="",L102=0),"",ROUND(100/L102,0))
A103: 216 | B103: Aresion Temple | C103: Nev's Fragment | D103: 0.36843044 | E103: 6429.9 | F103: 0.05729956 | G103: 17452 | H103: 0.055986749 | I103: 0.058635384 | J103: 7235.2 | K103: =IF(IFERROR(INDEX(Spots!$K$2:$K$96,MATCH(A103,Spots!$A$2:$A$96,0)),"")="","",IFERROR(INDEX(Spots!$K$2:$K$96,MATCH(A103,Spots!$A$2:$A$96,0)),"")) | L103: =IF(OR(K103="",F103=""),"",F103/1000*K103*100) | M103: =IF(OR(L103="",L103=0),"",ROUND(100/L103,0))
...

Sheet Notes
A1: Source: Garmoth collective grind data, 2025-10-09 to 2026-10-15.
A2: All rates are base: 0% item drop rate, no loot scroll / Agris (Garmoth normalizes before storing).
A3: per_1000_trash = item hourly_rate / trash hourly_rate * 1000. Independent of clear speed and buffs.
A4: Trash per kill varies by spot, so per-kill chance needs Spots!K (yellow). Fill it in; Drops sheet updates.
A5: chance_per_kill_% = per_1000_trash / 1000 * trash_per_kill * 100. With Item Drop Rate buff, multiply by (1 + DR%).
A6: Items that drop in stacks: values are expected items, not drop events.
A7: CI: 95% Poisson interval on estimated observed drops (base rate * hours). Real samples are larger (sessions were buffed), so intervals are conservative.
A8: Flags: 'low sample' = spot under 50h or fewer than 30 estimated drops; 'no drops recorded' = rate 0, ci_high gives an upper bound.
